-- ============================================
-- 推荐算法测试数据插入脚本
-- ============================================

USE tourism_db;

-- 1. 插入更多测试用户
INSERT INTO `user` (`id`, `username`, `password`, `phone`, `email`, `balance`, `status`, `role`) VALUES
(7, 'Ольга', '123456', '+79001234573', 'olga@mail.ru', 5000.00, 'ACTIVE', 'USER'),
(8, 'Иван', '123456', '+79001234574', 'ivan@mail.ru', 6000.00, 'ACTIVE', 'USER'),
(9, 'Мария', '123456', '+79001234575', 'maria@mail.ru', 7000.00, 'ACTIVE', 'USER'),
(10, 'Сергей', '123456', '+79001234576', 'sergey@mail.ru', 8000.00, 'ACTIVE', 'USER'),
(11, 'Наталья', '123456', '+79001234577', 'natalya@mail.ru', 9000.00, 'ACTIVE', 'USER'),
(12, 'Андрей', '123456', '+79001234578', 'andrey@mail.ru', 10000.00, 'ACTIVE', 'USER'),
(13, 'Елена', '123456', '+79001234579', 'elena@mail.ru', 11000.00, 'ACTIVE', 'USER'),
(14, 'Павел', '123456', '+79001234580', 'pavel@mail.ru', 12000.00, 'ACTIVE', 'USER'),
(15, 'Татьяна', '123456', '+79001234581', 'tatyana@mail.ru', 13000.00, 'ACTIVE', 'USER'),
(16, 'Владимир', '123456', '+79001234582', 'vladimir@mail.ru', 14000.00, 'ACTIVE', 'USER'),
(17, 'Светлана', '123456', '+79001234583', 'svetlana@mail.ru', 15000.00, 'ACTIVE', 'USER'),
(18, 'Николай', '123456', '+79001234584', 'nikolay@mail.ru', 16000.00, 'ACTIVE', 'USER'),
(19, 'Юлия', '123456', '+79001234585', 'yuliya@mail.ru', 17000.00, 'ACTIVE', 'USER'),
(20, 'Алексей', '123456', '+79001234586', 'alexey@mail.ru', 18000.00, 'ACTIVE', 'USER');

-- 2. 插入更多景点
INSERT INTO `scenic_info` (`id`, `category_id`, `name`, `original_price`, `price`, `description`, `stock`, `address`, `opening_hours`, `status`) VALUES
(13, 1, 'Казанский Кремль', 500.00, 500.00, 'Историко-архитектурный комплекс', 800, 'Казань', '09:00-18:00', 'ACTIVE'),
(14, 2, 'Русский музей', 600.00, 600.00, 'Музей русского искусства', 700, 'Санкт-Петербург', '10:00-18:00', 'ACTIVE'),
(15, 3, 'Царское Село', 800.00, 800.00, 'Дворцово-парковый ансамбль', 900, 'Пушкин', '10:00-18:00', 'ACTIVE'),
(16, 4, 'Новодевичий монастырь', 300.00, 300.00, 'Женский монастырь XVI века', 600, 'Москва', '09:00-17:00', 'ACTIVE'),
(17, 5, 'Кижи', 1000.00, 1000.00, 'Музей деревянного зодчества', 500, 'Карелия', '09:00-20:00', 'ACTIVE'),
(18, 6, 'Большой театр', 3000.00, 2500.00, 'Театр оперы и балета', 400, 'Москва', '11:00-19:00', 'ACTIVE'),
(19, 7, 'Нижегородский кремль', 0.00, 0.00, 'Крепость XVI века', 9999, 'Нижний Новгород', '00:00-24:00', 'ACTIVE'),
(20, 1, 'Мамаев курган', 0.00, 0.00, 'Памятник-ансамбль', 9999, 'Волгоград', '00:00-24:00', 'ACTIVE');

-- 3. 插入收藏记录（模拟不同用户偏好）
INSERT INTO `favorite` (`user_id`, `type_code`, `association_id`, `create_time`) VALUES
-- 历史文化爱好者
(7, 'SCENIC', 1, NOW()), (7, 'SCENIC', 2, NOW()), (7, 'SCENIC', 13, NOW()), (7, 'SCENIC', 19, NOW()),
(8, 'SCENIC', 1, NOW()), (8, 'SCENIC', 2, NOW()), (8, 'SCENIC', 13, NOW()), (8, 'SCENIC', 20, NOW()),
(9, 'SCENIC', 2, NOW()), (9, 'SCENIC', 13, NOW()), (9, 'SCENIC', 19, NOW()),
-- 博物馆爱好者
(10, 'SCENIC', 4, NOW()), (10, 'SCENIC', 5, NOW()), (10, 'SCENIC', 14, NOW()),
(11, 'SCENIC', 4, NOW()), (11, 'SCENIC', 5, NOW()), (11, 'SCENIC', 14, NOW()),
(12, 'SCENIC', 5, NOW()), (12, 'SCENIC', 14, NOW()),
-- 宫殿园林爱好者
(13, 'SCENIC', 6, NOW()), (13, 'SCENIC', 15, NOW()),
(14, 'SCENIC', 6, NOW()), (14, 'SCENIC', 15, NOW()),
-- 宗教建筑爱好者
(15, 'SCENIC', 3, NOW()), (15, 'SCENIC', 7, NOW()), (15, 'SCENIC', 10, NOW()), (15, 'SCENIC', 16, NOW()),
(16, 'SCENIC', 3, NOW()), (16, 'SCENIC', 7, NOW()), (16, 'SCENIC', 10, NOW()),
-- 自然风光爱好者
(17, 'SCENIC', 12, NOW()), (17, 'SCENIC', 17, NOW()),
(18, 'SCENIC', 12, NOW()), (18, 'SCENIC', 17, NOW()),
(19, 'SCENIC', 12, NOW()), (19, 'SCENIC', 17, NOW()),
-- 文化艺术爱好者
(20, 'SCENIC', 8, NOW()), (20, 'SCENIC', 18, NOW());

-- 4. 插入订单记录
INSERT INTO `order_info` (`order_no`, `user_id`, `scenic_id`, `scenic_name`, `quantity`, `unit_price`, `total_amount`, `status`, `visit_date`) VALUES
('ORD20260421001', 7, 1, 'Красная площадь', 1, 0.00, 0.00, 'PAID', '2026-05-01'),
('ORD20260421002', 7, 2, 'Московский Кремль', 1, 700.00, 700.00, 'PAID', '2026-05-02'),
('ORD20260421003', 8, 1, 'Красная площадь', 1, 0.00, 0.00, 'PAID', '2026-05-03'),
('ORD20260421004', 8, 13, 'Казанский Кремль', 1, 500.00, 500.00, 'PAID', '2026-05-04'),
('ORD20260421005', 9, 2, 'Московский Кремль', 1, 700.00, 700.00, 'PAID', '2026-05-05'),
('ORD20260421006', 10, 4, 'Третьяковская галерея', 1, 500.00, 500.00, 'PAID', '2026-05-06'),
('ORD20260421007', 10, 5, 'Эрмитаж', 1, 700.00, 700.00, 'PAID', '2026-05-07'),
('ORD20260421008', 11, 5, 'Эрмитаж', 1, 700.00, 700.00, 'PAID', '2026-05-08'),
('ORD20260421009', 12, 14, 'Русский музей', 1, 600.00, 600.00, 'PAID', '2026-05-09'),
('ORD20260421010', 13, 6, 'Петергоф', 1, 900.00, 900.00, 'PAID', '2026-05-10'),
('ORD20260421011', 14, 15, 'Царское Село', 1, 800.00, 800.00, 'PAID', '2026-05-11'),
('ORD20260421012', 15, 3, 'Храм Христа Спасителя', 1, 0.00, 0.00, 'PAID', '2026-05-12'),
('ORD20260421013', 16, 10, 'Троице-Сергиева лавра', 1, 500.00, 500.00, 'PAID', '2026-05-13'),
('ORD20260421014', 17, 12, 'Долина гейзеров', 1, 12000.00, 12000.00, 'PAID', '2026-05-14'),
('ORD20260421015', 18, 17, 'Кижи', 1, 1000.00, 1000.00, 'PAID', '2026-05-15'),
('ORD20260421016', 19, 12, 'Долина гейзеров', 1, 12000.00, 12000.00, 'PAID', '2026-05-16'),
('ORD20260421017', 20, 8, 'Мариинский театр', 1, 1500.00, 1500.00, 'PAID', '2026-05-17');

-- 5. 插入评论记录
INSERT INTO `comment_info` (`user_id`, `type_code`, `association_id`, `content`) VALUES
(7, 'SCENIC', 1, 'Красная площадь впечатляет!'),
(8, 'SCENIC', 1, 'Обязательно к посещению!'),
(9, 'SCENIC', 2, 'Кремль - сердце России'),
(10, 'SCENIC', 5, 'Эрмитаж - невероятная коллекция'),
(11, 'SCENIC', 5, 'Нужно несколько дней'),
(12, 'SCENIC', 14, 'Русский музей - must see'),
(13, 'SCENIC', 6, 'Фонтаны восхитительны'),
(14, 'SCENIC', 15, 'Янтарная комната поражает'),
(15, 'SCENIC', 3, 'Духовное место'),
(16, 'SCENIC', 10, 'Богатая история'),
(17, 'SCENIC', 12, 'Камчатка незабываема!'),
(18, 'SCENIC', 17, 'Кижи - шедевр'),
(19, 'SCENIC', 12, 'Долина гейзеров - чудо!'),
(20, 'SCENIC', 8, 'Мариинка - лучший театр!');

-- 完成统计
SELECT '=== 数据插入完成 ===' AS status;
SELECT COUNT(*) AS total_users FROM user;
SELECT COUNT(*) AS total_scenics FROM scenic_info;
SELECT COUNT(*) AS total_favorites FROM favorite;
SELECT COUNT(*) AS total_paid_orders FROM order_info WHERE status = 'PAID';
SELECT COUNT(*) AS total_comments FROM comment_info;
